algorithm,output_weight_count,hidden_width,q_dimension,n_train,n_test,n_features,n_classes,epsilon,converged,iterations,computational_time_seconds,final_gradient_norm,alpha,beta
LDLT,10000,100,101,1000,350,100,100,0.001,True,0,0.005168958014110103,5.929127705108098e-16,,
Heavy Ball,10000,100,101,1000,350,100,100,0.001,True,61,0.004742582998005673,0.000633907689943947,0.2634256923351161,0.7836388501613542
Nesterov,10000,100,101,1000,350,100,100,0.001,True,79,0.014252333989134058,0.0009564805894941034,0.07411868456470845,0.8852337827722991
LDLT,50000,500,501,1000,350,100,100,0.001,True,0,0.23964866698952392,2.709613661277681e-15,,
Heavy Ball,50000,500,501,1000,350,100,100,0.001,True,141,1.5313895409926772,0.000716749718413051,0.04893099762444899,0.9035213279967619
Nesterov,50000,500,501,1000,350,100,100,0.001,True,205,2.634621415985748,0.0009867508345574548,0.012861022894345746,0.9505373890577697
LDLT,100000,1000,1001,1000,350,100,100,0.001,True,0,0.6055440420168452,4.461674471293251e-15,,
Heavy Ball,100000,1000,1001,1000,350,100,100,0.001,True,204,0.7508623329922557,0.0007741175340875824,0.025844815830239103,0.9293967390821019
Nesterov,100000,1000,1001,1000,350,100,100,0.001,True,290,0.615192625002237,0.0009796687210667685,0.0066998852987644845,0.964052249145295
