algorithm,dataset,epsilon,initial_gradient_norm,final_gradient_norm,absolute_gap,relative_gap,computational_time_seconds,number_of_iterations,hidden_layer_size,alpha,beta
Heavy Ball,wine,0.001,14.730209620745935,0.0009511893330704051,4.045269844251374e-09,4.045269844251374e-09,0.31775070799631067,978,3333,0.009724129046931616,0.9803750415683977
Nesterov,wine,0.001,14.730209620745935,0.0009980282107130763,1.8744053063869388e-05,1.8744053063869388e-05,0.1625373330025468,903,3333,0.0024551833839591324,0.9901389001389642
PyTorch SGD momentum,wine,0.001,14.730209620745935,0.0009511893331250905,4.045269844468215e-09,4.045269844468215e-09,0.27908554099849425,978,3333,0.009724129046931616,0.9803750415683977
PyTorch SGD Nesterov,wine,0.001,14.730209620745935,0.0009980282107130594,1.8744053063868738e-05,1.8744053063868738e-05,0.2438098329876084,903,3333,0.0024551833839591324,0.9901389001389642
Heavy Ball,wine,1e-05,14.730209620745935,8.59750019616277e-06,6.734446984443809e-13,6.734446984443809e-13,0.29050350000034086,1435,3333,0.009724129046931616,0.9803750415683977
Nesterov,wine,1e-05,14.730209620745935,9.973541481112623e-06,4.34312077610393e-09,4.34312077610393e-09,0.34564241699990816,1868,3333,0.0024551833839591324,0.9901389001389642
PyTorch SGD momentum,wine,1e-05,14.730209620745935,8.59750008453099e-06,6.734449152848154e-13,6.734449152848154e-13,0.41483812499791384,1435,3333,0.009724129046931616,0.9803750415683977
PyTorch SGD Nesterov,wine,1e-05,14.730209620745935,9.973541481137861e-06,4.343120775670249e-09,4.343120775670249e-09,0.5016865000070538,1868,3333,0.0024551833839591324,0.9901389001389642
Heavy Ball,wine,1e-07,14.730209620745935,7.781357610649905e-08,6.537739100087592e-17,6.537739100087592e-17,0.3768811670015566,1924,3333,0.009724129046931616,0.9803750415683977
Nesterov,wine,1e-07,14.730209620745935,9.96621419086766e-08,4.827705075982625e-13,4.827705075982625e-13,0.5482717500126455,2863,3333,0.0024551833839591324,0.9901389001389642
PyTorch SGD momentum,wine,1e-07,14.730209620745935,7.781357350450296e-08,6.516055056637882e-17,6.516055056637882e-17,0.5325327499886043,1924,3333,0.009724129046931616,0.9803750415683977
PyTorch SGD Nesterov,wine,1e-07,14.730209620745935,9.96621419274932e-08,4.827706160184797e-13,4.827706160184797e-13,0.7686155420087744,2863,3333,0.0024551833839591324,0.9901389001389642
Heavy Ball,wine,0.001,59.64401357395454,0.0008881501863788291,2.3954890221780916e-09,2.3954890221780916e-09,4.853700333012966,2396,16667,0.0019546433855284835,0.9911772766222549
Nesterov,wine,0.001,59.64401357395454,0.000998589493467953,3.6404926106505935e-05,3.6404926106505935e-05,4.910839333984768,2283,16667,0.0004908284667627461,0.9955788650941998
PyTorch SGD momentum,wine,0.001,59.64401357395454,0.0008881501864245868,2.3954890221509866e-09,2.3954890221509866e-09,3.1334291250095703,2396,16667,0.0019546433855284835,0.9911772766222549
PyTorch SGD Nesterov,wine,0.001,59.64401357395454,0.0009985894934679482,3.640492610650333e-05,3.640492610650333e-05,2.7141575410205405,2283,16667,0.0004908284667627461,0.9955788650941998
Heavy Ball,wine,1e-05,59.64401357395454,0.000561819802476995,9.47428201430317e-11,9.47428201430317e-11,9.206170542020118,3000,16667,0.0019546433855284835,0.9911772766222549
Nesterov,wine,1e-05,59.64401357395454,0.0002361381382411308,2.4064296889307754e-06,2.4064296889307754e-06,10.692172083014157,3000,16667,0.0004908284667627461,0.9955788650941998
PyTorch SGD momentum,wine,1e-05,59.64401357395454,0.0005618198021775236,9.474282000750643e-11,9.474282000750643e-11,3.928730749990791,3000,16667,0.0019546433855284835,0.9911772766222549
PyTorch SGD Nesterov,wine,1e-05,59.64401357395454,0.00023613813824109795,2.406429688930477e-06,2.406429688930477e-06,4.165966000000481,3000,16667,0.0004908284667627461,0.9955788650941998
Heavy Ball,wine,1e-07,59.64401357395454,0.000561819802476995,9.47428201430317e-11,9.47428201430317e-11,9.3247577919974,3000,16667,0.0019546433855284835,0.9911772766222549
Nesterov,wine,1e-07,59.64401357395454,0.0002361381382411308,2.4064296889307754e-06,2.4064296889307754e-06,13.415546709002228,3000,16667,0.0004908284667627461,0.9955788650941998
PyTorch SGD momentum,wine,1e-07,59.64401357395454,0.0005618198021775236,9.474282000750643e-11,9.474282000750643e-11,3.9583939999865834,3000,16667,0.0019546433855284835,0.9911772766222549
PyTorch SGD Nesterov,wine,1e-07,59.64401357395454,0.00023613813824109795,2.406429688930477e-06,2.406429688930477e-06,3.8082329590106383,3000,16667,0.0004908284667627461,0.9955788650941998
Heavy Ball,wine,0.001,133.57484660350266,0.05101859218264911,3.618487836545321e-07,3.618487836545321e-07,16.019631667004433,3000,33333,0.0009993444306367098,0.9936875115561971
Nesterov,wine,0.001,133.57484660350266,0.0018658303362092223,0.00012211373179867285,0.00012211373179867285,15.006316541985143,3000,33333,0.0002506277762886174,0.9968387590559453
PyTorch SGD momentum,wine,0.001,133.57484660350266,0.051018592182691766,3.618487836549929e-07,3.618487836549929e-07,10.464800999994623,3000,33333,0.0009993444306367098,0.9936875115561971
PyTorch SGD Nesterov,wine,0.001,133.57484660350266,0.0018658303362092915,0.00012211373179867117,0.00012211373179867117,11.420664875011425,3000,33333,0.0002506277762886174,0.9968387590559453
Heavy Ball,wine,1e-05,133.57484660350266,0.05101859218264911,3.618487836545321e-07,3.618487836545321e-07,17.13177866701153,3000,33333,0.0009993444306367098,0.9936875115561971
Nesterov,wine,1e-05,133.57484660350266,0.0018658303362092223,0.00012211373179867285,0.00012211373179867285,13.762398291990394,3000,33333,0.0002506277762886174,0.9968387590559453
PyTorch SGD momentum,wine,1e-05,133.57484660350266,0.051018592182691766,3.618487836549929e-07,3.618487836549929e-07,9.840661832975456,3000,33333,0.0009993444306367098,0.9936875115561971
PyTorch SGD Nesterov,wine,1e-05,133.57484660350266,0.0018658303362092915,0.00012211373179867117,0.00012211373179867117,11.433484375011176,3000,33333,0.0002506277762886174,0.9968387590559453
Heavy Ball,wine,1e-07,133.57484660350266,0.05101859218264911,3.618487836545321e-07,3.618487836545321e-07,13.788849208009196,3000,33333,0.0009993444306367098,0.9936875115561971
Nesterov,wine,1e-07,133.57484660350266,0.0018658303362092223,0.00012211373179867285,0.00012211373179867285,14.499671290977858,3000,33333,0.0002506277762886174,0.9968387590559453
PyTorch SGD momentum,wine,1e-07,133.57484660350266,0.051018592182691766,3.618487836549929e-07,3.618487836549929e-07,10.24384008301422,3000,33333,0.0009993444306367098,0.9936875115561971
PyTorch SGD Nesterov,wine,1e-07,133.57484660350266,0.0018658303362092915,0.00012211373179867117,0.00012211373179867117,10.854504832997918,3000,33333,0.0002506277762886174,0.9968387590559453
Heavy Ball,digits,0.001,8.02858453534167,0.0004359214204670755,6.4515748993132505e-09,6.4515748993132505e-09,0.762736208998831,537,1000,0.026577350586404164,0.9676606508491992
Nesterov,digits,0.001,8.02858453534167,0.0009934941833085772,9.032581365052417e-06,9.032581365052417e-06,0.760435417003464,565,1000,0.006753996327622797,0.9836974386716676
PyTorch SGD momentum,digits,0.001,8.02858453534167,0.0004359214204574936,6.451574906252144e-09,6.451574906252144e-09,0.45276237500365824,537,1000,0.026577350586404164,0.9676606508491992
PyTorch SGD Nesterov,digits,0.001,8.02858453534167,0.000993494183308575,9.032581365045478e-06,9.032581365045478e-06,0.3437064999889117,565,1000,0.006753996327622797,0.9836974386716676
Heavy Ball,digits,1e-05,8.02858453534167,8.01725997621517e-06,2.0694557179012918e-12,2.0694557179012918e-12,0.8321360000118148,790,1000,0.026577350586404164,0.9676606508491992
Nesterov,digits,1e-05,8.02858453534167,9.998436924735944e-06,1.721812560584457e-09,1.721812560584457e-09,1.2239328750001732,1085,1000,0.006753996327622797,0.9836974386716676
PyTorch SGD momentum,digits,1e-05,8.02858453534167,8.017259961980719e-06,2.0694557179012918e-12,2.0694557179012918e-12,0.535493375005899,790,1000,0.026577350586404164,0.9676606508491992
PyTorch SGD Nesterov,digits,1e-05,8.02858453534167,9.998436924731706e-06,1.721812560584457e-09,1.721812560584457e-09,0.6270139169937465,1085,1000,0.006753996327622797,0.9836974386716676
Heavy Ball,digits,1e-07,8.02858453534167,6.045392295270425e-08,2.636779683484747e-16,2.636779683484747e-16,1.0809833749954123,1059,1000,0.026577350586404164,0.9676606508491992
Nesterov,digits,1e-07,8.02858453534167,9.927865791032064e-08,1.9875767698351865e-13,1.9875767698351865e-13,1.8035349999845494,1635,1000,0.006753996327622797,0.9836974386716676
PyTorch SGD momentum,digits,1e-07,8.02858453534167,6.045392163682192e-08,2.706168622523819e-16,2.706168622523819e-16,0.7632603340025526,1059,1000,0.026577350586404164,0.9676606508491992
PyTorch SGD Nesterov,digits,1e-07,8.02858453534167,9.927865788086434e-08,1.9875767698351865e-13,1.9875767698351865e-13,0.9130642089876346,1635,1000,0.006753996327622797,0.9836974386716676
Heavy Ball,digits,0.001,26.954915202401498,0.0007634453603322838,2.5674491595240045e-08,2.5674491595240045e-08,13.005492291995324,1277,5000,0.005116936960589529,0.9857446156817471
Nesterov,digits,0.001,26.954915202401498,0.000996853803786319,2.134421588399424e-05,2.134421588399424e-05,11.4438411250012,1459,5000,0.0012884342851920332,0.9928467231560706
PyTorch SGD momentum,digits,0.001,26.954915202401498,0.0007634453603346793,2.5674491595240045e-08,2.5674491595240045e-08,7.966900583996903,1277,5000,0.005116936960589529,0.9857446156817471
PyTorch SGD Nesterov,digits,0.001,26.954915202401498,0.000996853803786282,2.134421588399424e-05,2.134421588399424e-05,8.749230332992738,1459,5000,0.0012884342851920332,0.9928467231560706
Heavy Ball,digits,1e-05,26.954915202401498,9.979380880187704e-06,6.949527758814966e-12,6.949527758814966e-12,11.647981750022154,1892,5000,0.005116936960589529,0.9857446156817471
Nesterov,digits,1e-05,26.954915202401498,9.9711459883807e-06,4.076183574702741e-09,4.076183574702741e-09,18.92681029101368,2800,5000,0.0012884342851920332,0.9928467231560706
PyTorch SGD momentum,digits,1e-05,26.954915202401498,9.979380876933964e-06,6.949524289368014e-12,6.949524289368014e-12,10.897393249993911,1892,5000,0.005116936960589529,0.9857446156817471
PyTorch SGD Nesterov,digits,1e-05,26.954915202401498,9.971145988408284e-06,4.076183574702741e-09,4.076183574702741e-09,15.799447833007434,2800,5000,0.0012884342851920332,0.9928467231560706
Heavy Ball,digits,1e-07,26.954915202401498,6.079012796215537e-08,6.869504964868156e-16,6.869504964868156e-16,16.18905612497474,2570,5000,0.005116936960589529,0.9857446156817471
Nesterov,digits,1e-07,26.954915202401498,5.0608794467395295e-06,1.0940213873711357e-09,1.0940213873711357e-09,28.994291042006807,3000,5000,0.0012884342851920332,0.9928467231560706
PyTorch SGD momentum,digits,1e-07,26.954915202401498,6.079013027163006e-08,6.869504964868156e-16,6.869504964868156e-16,14.782749541976955,2570,5000,0.005116936960589529,0.9857446156817471
PyTorch SGD Nesterov,digits,1e-07,26.954915202401498,5.060879446730812e-06,1.0940213873711357e-09,1.0940213873711357e-09,17.617130917002214,3000,5000,0.0012884342851920332,0.9928467231560706
Heavy Ball,digits,0.001,72.169489002453,0.000666962909381041,9.890050394964489e-09,9.890050394964489e-09,39.17999166698428,1986,10000,0.0025842404673358885,0.9898587573409278
Nesterov,digits,0.001,72.169489002453,0.0009976155241145873,2.8767481451592858e-05,2.8767481451592858e-05,31.43543245899491,2175,10000,0.0006493569552982945,0.9949164574681272
PyTorch SGD momentum,digits,0.001,72.169489002453,0.0006669629093816853,9.890050394964489e-09,9.890050394964489e-09,22.525397624995094,1986,10000,0.0025842404673358885,0.9898587573409278
PyTorch SGD Nesterov,digits,0.001,72.169489002453,0.0009976155241144813,2.8767481451592858e-05,2.8767481451592858e-05,24.59775441599777,2175,10000,0.0006493569552982945,0.9949164574681272
Heavy Ball,digits,1e-05,72.169489002453,9.24654543974551e-06,4.799553116052735e-12,4.799553116052735e-12,41.64394112501759,2790,10000,0.0025842404673358885,0.9898587573409278
Nesterov,digits,1e-05,72.169489002453,0.00014109430961627297,7.351252022877452e-07,7.351252022877452e-07,44.37787079199916,3000,10000,0.0006493569552982945,0.9949164574681272
PyTorch SGD momentum,digits,1e-05,72.169489002453,9.246545456782732e-06,4.799556585499687e-12,4.799556585499687e-12,31.38145116699161,2790,10000,0.0025842404673358885,0.9898587573409278
PyTorch SGD Nesterov,digits,1e-05,72.169489002453,0.0001410943096163171,7.351252022860105e-07,7.351252022860105e-07,34.08424029199523,3000,10000,0.0006493569552982945,0.9949164574681272
Heavy Ball,digits,1e-07,72.169489002453,0.00013768002061278654,6.848917266655263e-12,6.848917266655263e-12,42.480107958981534,3000,10000,0.0025842404673358885,0.9898587573409278
Nesterov,digits,1e-07,72.169489002453,0.00014109430961627297,7.351252022877452e-07,7.351252022877452e-07,46.55846925001242,3000,10000,0.0006493569552982945,0.9949164574681272
PyTorch SGD momentum,digits,1e-07,72.169489002453,0.00013768002052340518,6.848915531931787e-12,6.848915531931787e-12,34.225909875007346,3000,10000,0.0025842404673358885,0.9898587573409278
PyTorch SGD Nesterov,digits,1e-07,72.169489002453,0.0001410943096163171,7.351252022860105e-07,7.351252022860105e-07,36.10416295900359,3000,10000,0.0006493569552982945,0.9949164574681272
