rho,method,epsilon,output_weight_count,condition_number,iteration,relative_gap,grad_norm,objective_value,objective_gap_to_reference,relative_error_to_reference
0.1,Heavy Ball,1e-06,10000,42621.42450905062,0.0,0.10999159157283023,0.8268278339392597,0.5,0.10999159157283023,1.0
0.1,Heavy Ball,1e-06,10000,42621.42450905062,50.0,0.09454326619610154,2.491669376550983,0.4845516746232713,0.09454326619610154,0.6618980133877967
0.1,Heavy Ball,1e-06,10000,42621.42450905062,100.0,0.07403346014462497,2.367791136031991,0.46404186857179475,0.07403346014462497,0.4083555492989444
0.1,Heavy Ball,1e-06,10000,42621.42450905062,150.0,0.03185333806329399,1.5555590165401605,0.42186174649046376,0.03185333806329399,0.2724014573391753
0.1,Heavy Ball,1e-06,10000,42621.42450905062,200.0,0.007646578142458116,0.7435622896685198,0.3976549865696279,0.007646578142458116,0.16308423126861263
0.1,Heavy Ball,1e-06,10000,42621.42450905062,250.0,0.000829697758195358,0.19599923621795434,0.39083810618536513,0.000829697758195358,0.08922971437910973
0.1,Heavy Ball,1e-06,10000,42621.42450905062,300.0,0.00023277130753712738,0.07940929126743763,0.3902411797347069,0.00023277130753712738,0.049834091382513344
0.1,Heavy Ball,1e-06,10000,42621.42450905062,350.0,0.0003414673474060326,0.1554552697795744,0.3903498757745758,0.0003414673474060326,0.03078613170326642
0.1,Heavy Ball,1e-06,10000,42621.42450905062,400.0,0.00023924818189841046,0.13449719534863439,0.3902476566090682,0.00023924818189841046,0.02296325628664965
0.1,Heavy Ball,1e-06,10000,42621.42450905062,450.0,9.034415652514616e-05,0.08302654264041139,0.3900987525836949,9.034415652514616e-05,0.014683617261051126
0.1,Heavy Ball,1e-06,10000,42621.42450905062,500.0,1.900249316916236e-05,0.03660290052116663,0.39002741092033893,1.900249316916236e-05,0.008523859437893447
0.1,Nesterov,1e-06,10000,42621.42450905062,0.0,0.10999159157283023,0.8268278339392597,0.5,0.10999159157283023,1.0
0.1,Nesterov,1e-06,10000,42621.42450905062,50.0,0.015505939394246548,0.10667399452595858,0.4055143478214163,0.015505939394246548,0.8021672058246899
0.1,Nesterov,1e-06,10000,42621.42450905062,100.0,0.007440021344454206,0.05334332821948162,0.397448429771624,0.007440021344454206,0.6496861958048463
0.1,Nesterov,1e-06,10000,42621.42450905062,150.0,0.003895437015583758,0.033060342954496585,0.39390384544275353,0.003895437015583758,0.5103021325754878
0.1,Nesterov,1e-06,10000,42621.42450905062,200.0,0.0019139862595081714,0.020363143216363604,0.39192239468667794,0.0019139862595081714,0.3967526914280991
0.1,Nesterov,1e-06,10000,42621.42450905062,250.0,0.0009971305232328587,0.012887405671921813,0.39100553895040263,0.0009971305232328587,0.3187284802876386
0.1,Nesterov,1e-06,10000,42621.42450905062,300.0,0.000690205728714588,0.009646012837926689,0.39069861415588436,0.000690205728714588,0.2630594587065442
0.1,Nesterov,1e-06,10000,42621.42450905062,350.0,0.0004030906533311063,0.006350134136258459,0.3904114990805009,0.0004030906533311063,0.20789678680232862
0.1,Nesterov,1e-06,10000,42621.42450905062,400.0,0.00020824270923269772,0.004459627906820504,0.39021665113640247,0.00020824270923269772,0.1568939873166397
0.1,Nesterov,1e-06,10000,42621.42450905062,450.0,0.00011327228332669304,0.003110700054984768,0.39012168071049647,0.00011327228332669304,0.11593058278582714
0.1,Nesterov,1e-06,10000,42621.42450905062,500.0,5.94275610687478e-05,0.0021645290076074573,0.3900678359882385,5.94275610687478e-05,0.08524221726411632
0.5,Heavy Ball,1e-06,10000,47065.69125903045,0.0,0.13858492848461185,0.8228007590119051,0.5,0.13858492848461185,1.0
0.5,Heavy Ball,1e-06,10000,47065.69125903045,50.0,0.06649033349837907,1.9332443940764676,0.4279054050137672,0.06649033349837907,0.6650783338240901
0.5,Heavy Ball,1e-06,10000,47065.69125903045,100.0,0.05089271479741592,1.9079444204676104,0.41230778631280407,0.05089271479741592,0.43221205294844406
0.5,Heavy Ball,1e-06,10000,47065.69125903045,150.0,0.022111560182587087,1.2787409184041254,0.38352663169797524,0.022111560182587087,0.2684987843951105
0.5,Heavy Ball,1e-06,10000,47065.69125903045,200.0,0.005871031738197419,0.6165731535408415,0.36728610325358557,0.005871031738197419,0.18417314901276613
0.5,Heavy Ball,1e-06,10000,47065.69125903045,250.0,0.0009943172822151625,0.1743465867160079,0.3624093887976033,0.0009943172822151625,0.11828572107641461
0.5,Heavy Ball,1e-06,10000,47065.69125903045,300.0,0.00039713334753316287,0.09630157254168531,0.3618122048629213,0.00039713334753316287,0.07052461141165704
0.5,Heavy Ball,1e-06,10000,47065.69125903045,350.0,0.00033947592091015943,0.1423960485506399,0.3617545474362983,0.00033947592091015943,0.04178661304513635
0.5,Heavy Ball,1e-06,10000,47065.69125903045,400.0,0.00020288593980849479,0.1220549256201442,0.36161795745519665,0.00020288593980849479,0.024212179787459577
0.5,Heavy Ball,1e-06,10000,47065.69125903045,450.0,8.46013164704229e-05,0.07787338514306803,0.3614996728318586,8.46013164704229e-05,0.014111911023697974
0.5,Heavy Ball,1e-06,10000,47065.69125903045,500.0,2.1365101061432412e-05,0.0364692802556542,0.3614364366164496,2.1365101061432412e-05,0.009238243905312582
0.5,Nesterov,1e-06,10000,47065.69125903045,0.0,0.13858492848461185,0.8228007590119051,0.5,0.13858492848461185,1.0
0.5,Nesterov,1e-06,10000,47065.69125903045,50.0,0.02547406419606607,0.1346479306676764,0.3868891357114542,0.02547406419606607,0.8036869438350842
0.5,Nesterov,1e-06,10000,47065.69125903045,100.0,0.012078174818742182,0.07081576073034063,0.37349324633413034,0.012078174818742182,0.6542748633231619
0.5,Nesterov,1e-06,10000,47065.69125903045,150.0,0.006738324822533837,0.04430954276244754,0.368153396337922,0.006738324822533837,0.5313095741469933
0.5,Nesterov,1e-06,10000,47065.69125903045,200.0,0.0037752191072375485,0.029301679641549446,0.3651902906226257,0.0037752191072375485,0.4205411285618863
0.5,Nesterov,1e-06,10000,47065.69125903045,250.0,0.0019296671547233135,0.019355254946974675,0.36334473867011147,0.0019296671547233135,0.3269328452515358
0.5,Nesterov,1e-06,10000,47065.69125903045,300.0,0.0010765303115079505,0.013098043517797234,0.3624916018268961,0.0010765303115079505,0.25979097435719894
0.5,Nesterov,1e-06,10000,47065.69125903045,350.0,0.0006291262534701692,0.009267023917819365,0.3620441977688583,0.0006291262534701692,0.21250225226715772
0.5,Nesterov,1e-06,10000,47065.69125903045,400.0,0.00043573735524682355,0.007110242354080079,0.361850808870635,0.00043573735524682355,0.17758573861441768
0.5,Nesterov,1e-06,10000,47065.69125903045,450.0,0.0002801229380991477,0.005388822854877027,0.3616951944534873,0.0002801229380991477,0.1450744235470119
0.5,Nesterov,1e-06,10000,47065.69125903045,500.0,0.00014843955660442942,0.00368487092658759,0.3615635110719926,0.00014843955660442942,0.11384227063749855
0.9,Heavy Ball,1e-06,10000,76736.74647497242,0.0,0.24343208266762928,0.821200995034403,0.5,0.24343208266762928,1.0
0.9,Heavy Ball,1e-06,10000,76736.74647497242,50.0,0.07735041665048897,1.4666651964647714,0.3339183339828597,0.07735041665048897,0.7009509609207651
0.9,Heavy Ball,1e-06,10000,76736.74647497242,100.0,0.04349352245509269,1.4805685424837398,0.3000614397874634,0.04349352245509269,0.4958443362897126
0.9,Heavy Ball,1e-06,10000,76736.74647497242,150.0,0.022118601363199986,1.0720377907281338,0.2786865186955707,0.022118601363199986,0.3612747275324468
0.9,Heavy Ball,1e-06,10000,76736.74647497242,200.0,0.008626980098456805,0.5705678241006508,0.2651948974308275,0.008626980098456805,0.2582346412426633
0.9,Heavy Ball,1e-06,10000,76736.74647497242,250.0,0.0036498423333017893,0.1834619105264795,0.2602177596656725,0.0036498423333017893,0.18070612951682602
0.9,Heavy Ball,1e-06,10000,76736.74647497242,300.0,0.0018042148330459362,0.12040540256600865,0.25837213216541666,0.0018042148330459362,0.12159020945177798
0.9,Heavy Ball,1e-06,10000,76736.74647497242,350.0,0.0010245488500956745,0.18821505790212192,0.2575924661824664,0.0010245488500956745,0.08356311010414756
0.9,Heavy Ball,1e-06,10000,76736.74647497242,400.0,0.000570536584550807,0.17466523966155326,0.2571384539169215,0.000570536584550807,0.05919706816770811
0.9,Heavy Ball,1e-06,10000,76736.74647497242,450.0,0.0002811151838920112,0.11909894968081772,0.25684903251626273,0.0002811151838920112,0.04271645767198363
0.9,Heavy Ball,1e-06,10000,76736.74647497242,500.0,0.0001241149856717194,0.05904332590163486,0.25669203231804244,0.0001241149856717194,0.0308600589393082
0.9,Nesterov,1e-06,10000,76736.74647497242,0.0,0.24343208266762928,0.821200995034403,0.5,0.24343208266762928,1.0
0.9,Nesterov,1e-06,10000,76736.74647497242,50.0,0.0688967680013034,0.18030453089208218,0.3254646853336741,0.0688967680013034,0.8332812094954435
0.9,Nesterov,1e-06,10000,76736.74647497242,100.0,0.04409803858632694,0.13499276634763083,0.30066595591869766,0.04409803858632694,0.6934898356655679
0.9,Nesterov,1e-06,10000,76736.74647497242,150.0,0.026589477612699808,0.09666447863008222,0.28315739494507053,0.026589477612699808,0.5788321070470909
0.9,Nesterov,1e-06,10000,76736.74647497242,200.0,0.016532687122620626,0.06921936347383724,0.27310060445499135,0.016532687122620626,0.48716054701793476
0.9,Nesterov,1e-06,10000,76736.74647497242,250.0,0.010354493279420451,0.05043001643507123,0.26692241061179117,0.010354493279420451,0.41218278705720635
0.9,Nesterov,1e-06,10000,76736.74647497242,300.0,0.007005814991634107,0.03914072479092291,0.26357373232400483,0.007005814991634107,0.3531317638815523
0.9,Nesterov,1e-06,10000,76736.74647497242,350.0,0.0049284294244770765,0.031068371928990264,0.2614963467568478,0.0049284294244770765,0.3015229670564747
0.9,Nesterov,1e-06,10000,76736.74647497242,400.0,0.0028648899223324142,0.022224404769688833,0.25943280725470313,0.0028648899223324142,0.2517997266991943
0.9,Nesterov,1e-06,10000,76736.74647497242,450.0,0.0020899149416152007,0.01817782818922078,0.2586578322739859,0.0020899149416152007,0.21157786842504422
0.9,Nesterov,1e-06,10000,76736.74647497242,500.0,0.001367421860184015,0.01378414637003094,0.25793533919255474,0.001367421860184015,0.17506554027094792
